City_ID,City,Lat,Lng,Max Temp,Humidity,Cloudiness,Wind Speed,Country,Date
0,isafjordur,66.0755,-23.124,33.33,83,100,7.85,IS,Mon Oct 16 20:31:31 2023
1,brookings,44.3114,-96.7984,45.75,82,0,3.44,US,Mon Oct 16 20:31:32 2023
2,bethel,41.3712,-73.414,50.95,82,100,3.44,US,Mon Oct 16 20:27:49 2023
3,margaret river,-33.95,115.0667,71.89,57,100,12.55,AU,Mon Oct 16 20:31:32 2023
4,lebu,-37.6167,-73.65,49.51,86,0,20.38,CL,Mon Oct 16 20:31:33 2023
5,anadyr,64.75,177.4833,30.0,74,20,6.71,RU,Mon Oct 16 20:31:33 2023
6,klaksvik,62.2266,-6.589,47.32,83,85,15.95,FO,Mon Oct 16 20:31:33 2023
7,ibiruba,-28.6275,-53.0897,65.07,96,100,16.31,BR,Mon Oct 16 20:31:34 2023
8,grytviken,-54.2811,-36.5092,31.77,92,59,10.25,GS,Mon Oct 16 20:31:34 2023
9,cockburn town,21.4612,-71.1419,84.67,69,99,2.59,TC,Mon Oct 16 20:31:34 2023
10,puerto ayora,-0.7393,-90.3518,74.55,94,37,1.99,EC,Mon Oct 16 20:31:35 2023
11,buka,40.8108,69.1986,50.16,40,23,0.51,UZ,Mon Oct 16 20:31:35 2023
12,papatowai,-46.5619,169.4708,50.31,55,79,11.59,NZ,Mon Oct 16 20:31:35 2023
13,sirsi,14.6167,74.85,72.07,91,99,0.96,IN,Mon Oct 16 20:31:36 2023
14,nagqu,31.5,92.0,35.22,40,91,7.2,CN,Mon Oct 16 20:31:36 2023
15,ayame,5.6083,-3.1563,72.25,98,81,2.33,CI,Mon Oct 16 20:31:36 2023
16,port-aux-francais,-49.35,70.2167,37.15,87,94,28.36,TF,Mon Oct 16 20:31:37 2023
17,aberdeen,57.1437,-2.0981,38.68,87,10,2.3,GB,Mon Oct 16 20:28:47 2023
18,hermanus,-34.4187,19.2345,59.52,89,9,9.46,ZA,Mon Oct 16 20:31:37 2023
19,hobbs,32.7026,-103.136,64.85,32,0,8.05,US,Mon Oct 16 20:31:38 2023
20,peace river,56.2501,-117.286,55.71,62,75,5.75,CA,Mon Oct 16 20:31:38 2023
21,fisterra,42.9049,-9.2629,71.67,79,100,29.01,ES,Mon Oct 16 20:31:38 2023
22,college,64.8569,-147.8028,39.29,68,75,3.44,US,Mon Oct 16 20:31:39 2023
23,port elizabeth,-33.918,25.5701,61.32,92,40,11.5,ZA,Mon Oct 16 20:31:39 2023
24,ar ruways,24.1103,52.7306,81.75,71,0,7.87,AE,Mon Oct 16 20:31:39 2023
25,san patricio,28.017,-97.5169,66.33,43,0,7.18,US,Mon Oct 16 20:31:40 2023
26,glace bay,46.1969,-59.957,49.1,94,100,20.71,CA,Mon Oct 16 20:27:18 2023
27,vorgashor,67.5833,63.95,35.2,97,100,11.43,RU,Mon Oct 16 20:31:40 2023
28,la passe,45.5549,-0.8967,61.03,67,100,15.32,FR,Mon Oct 16 20:31:41 2023
29,badger,64.8,-147.5333,41.77,61,75,3.44,US,Mon Oct 16 20:31:41 2023
30,albany,42.6001,-73.9662,50.31,78,100,4.0,US,Mon Oct 16 20:27:19 2023
31,whitehorse,60.7161,-135.0538,38.17,100,100,2.3,CA,Mon Oct 16 20:31:42 2023
32,ancud,-41.8697,-73.8203,43.54,88,3,5.28,CL,Mon Oct 16 20:31:42 2023
33,howrah,22.5892,88.3103,78.8,89,4,0.0,IN,Mon Oct 16 20:31:42 2023
34,thompson,55.7435,-97.8558,48.36,81,75,2.3,CA,Mon Oct 16 20:31:43 2023
35,ilulissat,69.2167,-51.1,17.62,67,75,24.16,GL,Mon Oct 16 20:31:43 2023
36,zouerate,22.7187,-12.4521,82.36,28,61,5.3,MR,Mon Oct 16 20:31:43 2023
37,portland,45.5234,-122.6762,60.01,91,75,8.05,US,Mon Oct 16 20:23:10 2023
38,junagarh,19.8667,82.9333,73.35,68,2,1.43,IN,Mon Oct 16 20:31:44 2023
39,port hueneme,34.1478,-119.1951,70.2,74,0,4.61,US,Mon Oct 16 20:27:30 2023
40,ushuaia,-54.8,-68.3,41.43,70,75,15.01,AR,Mon Oct 16 20:27:25 2023
41,ribeira grande,38.5167,-28.7,66.78,87,100,3.0,PT,Mon Oct 16 20:31:45 2023
42,chur,46.8499,9.5329,42.31,74,57,5.21,CH,Mon Oct 16 20:31:45 2023
43,canutama,-6.5339,-64.3831,77.81,72,82,2.68,BR,Mon Oct 16 20:31:46 2023
44,waitangi,-43.9535,-176.5597,60.82,83,65,10.0,NZ,Mon Oct 16 20:31:46 2023
45,alamos,27.0167,-108.9333,83.95,44,3,3.06,MX,Mon Oct 16 20:31:46 2023
46,coahuayana de hidalgo,18.7,-103.6583,76.19,96,100,2.95,MX,Mon Oct 16 20:31:47 2023
47,vadso,70.0744,29.7487,33.96,86,75,16.11,NO,Mon Oct 16 20:31:47 2023
48,qatana,33.4354,36.0815,54.03,67,0,3.04,SY,Mon Oct 16 20:31:47 2023
49,utrik,11.2278,169.8474,83.14,74,24,16.53,MH,Mon Oct 16 20:31:48 2023
50,happy valley-goose bay,53.3168,-60.3315,35.91,69,40,11.5,CA,Mon Oct 16 20:28:13 2023
51,gbarnga,6.9956,-9.4722,70.34,100,99,1.43,LR,Mon Oct 16 20:31:48 2023
52,adamstown,-25.066,-130.1015,71.83,85,9,7.16,PN,Mon Oct 16 20:31:49 2023
53,iqaluit,63.7506,-68.5145,17.33,86,20,8.05,CA,Mon Oct 16 20:30:14 2023
54,ilek,51.5271,53.3831,46.27,59,22,15.32,RU,Mon Oct 16 20:31:49 2023
55,bredasdorp,-34.5322,20.0403,56.7,94,81,5.46,ZA,Mon Oct 16 20:31:50 2023
56,guarena,38.8595,-6.0999,68.11,78,100,12.77,ES,Mon Oct 16 20:31:50 2023
57,minas de marcona,-15.2119,-75.1103,58.39,85,81,8.68,PE,Mon Oct 16 20:31:51 2023
58,puerto natales,-51.7236,-72.4875,40.5,91,100,10.31,CL,Mon Oct 16 20:31:51 2023
59,luderitz,-26.6481,15.1594,65.89,47,0,8.21,NA,Mon Oct 16 20:31:51 2023
60,balikpapan,-1.2675,116.8289,85.19,74,20,8.05,ID,Mon Oct 16 20:31:52 2023
61,sarmiento,-45.5882,-69.07,52.02,47,17,12.55,AR,Mon Oct 16 20:31:52 2023
62,constantia,44.1833,28.65,38.08,58,10,3.91,RO,Mon Oct 16 20:31:52 2023
63,blackmans bay,-43.0167,147.3167,64.24,46,11,1.99,AU,Mon Oct 16 20:31:53 2023
64,angaur state,6.906,134.13,82.74,70,18,3.33,PW,Mon Oct 16 20:31:53 2023
65,olinda,-8.0089,-34.8553,78.53,73,40,13.8,BR,Mon Oct 16 20:31:53 2023
66,takoradi,4.8845,-1.7554,75.81,90,74,5.95,GH,Mon Oct 16 20:31:54 2023
67,edinburgh of the seven seas,-37.0676,-12.3116,53.47,72,55,9.44,SH,Mon Oct 16 20:31:54 2023
68,bilibino,68.0546,166.4372,12.96,95,99,3.76,RU,Mon Oct 16 20:31:55 2023
69,sterling,39.0062,-77.4286,53.94,73,75,9.22,US,Mon Oct 16 20:31:55 2023
70,al hazm,16.1641,44.7769,70.81,24,7,0.58,YE,Mon Oct 16 20:31:55 2023
71,pacific grove,36.6177,-121.9166,65.86,80,84,1.99,US,Mon Oct 16 20:31:56 2023
72,bubaque,11.2833,-15.8333,81.34,83,6,11.01,GW,Mon Oct 16 20:31:56 2023
73,kapuskasing,49.4169,-82.4331,33.8,100,0,0.0,CA,Mon Oct 16 20:31:56 2023
74,nogliki,51.8333,143.1667,48.34,84,100,7.0,RU,Mon Oct 16 20:31:57 2023
75,st. john's,47.5649,-52.7093,47.7,97,100,23.02,CA,Mon Oct 16 20:29:01 2023
76,alo,7.4178,6.7371,73.65,99,100,3.69,NG,Mon Oct 16 20:31:58 2023
77,lukolela,-1.0605,17.1821,69.91,98,38,1.68,CD,Mon Oct 16 20:31:58 2023
78,qamdo,31.1667,97.2333,37.58,47,100,5.1,CN,Mon Oct 16 20:31:58 2023
79,avarua,-21.2078,-159.775,73.45,64,75,12.66,CK,Mon Oct 16 20:31:59 2023
80,sao jose da coroa grande,-8.8978,-35.1478,75.36,80,69,12.66,BR,Mon Oct 16 20:31:59 2023
81,klyuchi,52.2667,79.1667,49.1,70,100,8.52,RU,Mon Oct 16 20:31:59 2023
82,mount gambier,-37.8333,140.7667,63.57,43,0,2.84,AU,Mon Oct 16 20:31:16 2023
83,stanley,54.868,-1.6985,30.22,100,0,3.44,GB,Mon Oct 16 20:32:00 2023
84,iskateley,67.6803,53.1512,34.02,89,75,8.99,RU,Mon Oct 16 20:32:00 2023
85,murmuiza,57.4833,25.4833,35.22,87,19,6.53,LV,Mon Oct 16 20:32:01 2023
86,invercargill,-46.4,168.35,51.03,62,57,14.0,NZ,Mon Oct 16 20:32:01 2023
87,ust-nera,64.5667,143.2,3.22,94,50,3.0,RU,Mon Oct 16 20:32:02 2023
88,khadan khak,30.7477,67.7085,47.71,46,0,6.58,PK,Mon Oct 16 20:32:02 2023
89,weno,7.4515,151.8468,85.95,74,40,0.0,FM,Mon Oct 16 20:32:02 2023
90,hawaiian paradise park,19.5933,-154.9731,80.83,76,100,12.66,US,Mon Oct 16 20:32:03 2023
91,wailua homesteads,22.0669,-159.378,80.02,76,20,10.36,US,Mon Oct 16 20:32:03 2023
92,nemuro,43.3236,145.575,52.92,53,17,21.43,JP,Mon Oct 16 20:32:04 2023
93,mana,5.6592,-53.7767,80.42,86,67,8.05,GF,Mon Oct 16 20:32:04 2023
94,ericeira,38.9627,-9.4156,72.07,88,11,29.55,PT,Mon Oct 16 20:32:04 2023
95,taksimo,56.3444,114.8794,33.71,82,100,1.99,RU,Mon Oct 16 20:32:05 2023
96,nema,57.5067,50.5011,47.62,61,100,13.65,RU,Mon Oct 16 20:32:05 2023
97,saipan,15.1355,145.701,84.9,79,75,9.22,MP,Mon Oct 16 20:32:06 2023
98,jinghong,21.991,100.7341,78.78,68,56,2.3,CN,Mon Oct 16 20:32:06 2023
99,hastings,50.8552,0.5729,51.76,35,100,20.07,GB,Mon Oct 16 20:32:07 2023
100,qaqortoq,60.7167,-46.0333,33.1,92,79,4.81,GL,Mon Oct 16 20:32:07 2023
101,necochea,-38.5473,-58.7368,47.35,83,0,16.84,AR,Mon Oct 16 20:32:08 2023
102,murmashi,68.8154,32.8115,37.35,100,75,13.0,RU,Mon Oct 16 20:32:08 2023
103,manggar,-2.8833,108.2667,85.19,70,30,15.23,ID,Mon Oct 16 20:32:09 2023
104,queenstown,-31.8976,26.8753,50.22,93,100,5.21,ZA,Mon Oct 16 20:32:09 2023
105,jiagedaqi,50.4167,124.1167,44.51,29,77,7.58,CN,Mon Oct 16 20:32:10 2023
106,tyazhinskiy,56.116,88.524,44.13,87,100,18.39,RU,Mon Oct 16 20:32:10 2023
107,recani,31.2846,-4.2688,71.89,27,12,4.76,MA,Mon Oct 16 20:32:10 2023
108,korsakov,46.6328,142.7813,41.4,67,41,10.0,RU,Mon Oct 16 20:32:11 2023
109,kuta,-8.7233,115.1723,80.01,83,40,7.0,ID,Mon Oct 16 20:32:11 2023
110,leava,-14.3,-178.1667,79.63,80,38,23.76,WF,Mon Oct 16 20:32:11 2023
111,kerikeri,-35.2268,173.9474,66.83,64,56,10.09,NZ,Mon Oct 16 20:32:12 2023
112,olonkinbyen,70.9221,-8.7187,32.32,87,98,18.21,SJ,Mon Oct 16 20:32:12 2023
113,touros,-5.1989,-35.4608,77.25,76,54,17.2,BR,Mon Oct 16 20:32:12 2023
114,labrador city,52.9463,-66.9114,37.31,75,75,3.44,CA,Mon Oct 16 20:30:10 2023
115,zhezqazghan,47.7833,67.7667,34.38,86,0,8.95,KZ,Mon Oct 16 20:32:13 2023
116,puerto aysen,-45.4,-72.7,39.56,98,100,4.09,CL,Mon Oct 16 20:29:13 2023
117,bad bentheim,52.3167,7.1667,41.31,92,94,5.75,DE,Mon Oct 16 20:32:14 2023
118,hacienda huancane,-15.8222,-70.8856,45.07,52,62,3.31,PE,Mon Oct 16 20:32:15 2023
119,san antonio de pale,-1.4014,5.6325,78.24,80,100,12.19,GQ,Mon Oct 16 20:32:15 2023
120,uturoa,-16.7333,-151.4333,78.37,79,50,14.65,PF,Mon Oct 16 20:32:16 2023
121,gulf shores,30.246,-87.7008,57.67,75,0,0.0,US,Mon Oct 16 20:27:19 2023
122,georgetown,5.4112,100.3354,80.65,81,20,13.8,MY,Mon Oct 16 20:29:03 2023
123,port alfred,-33.5906,26.891,57.18,95,55,14.54,ZA,Mon Oct 16 20:32:17 2023
124,bichura,50.5881,107.6022,40.48,74,89,8.99,RU,Mon Oct 16 20:32:17 2023
125,kirakira,-10.4544,161.9205,84.24,74,100,6.8,SB,Mon Oct 16 20:32:17 2023
126,yellowknife,62.456,-114.3525,40.41,100,20,5.75,CA,Mon Oct 16 20:28:02 2023
127,menongue,-14.6585,17.691,67.44,68,97,5.01,AO,Mon Oct 16 20:32:18 2023
128,ar ruseris,11.8659,34.3869,75.58,83,100,3.47,SD,Mon Oct 16 20:32:19 2023
129,kavaratti,10.5669,72.642,82.56,75,100,10.33,IN,Mon Oct 16 20:32:19 2023
130,moyale,3.5167,39.0584,67.89,85,100,3.02,KE,Mon Oct 16 20:32:19 2023
131,port blair,11.6667,92.75,80.64,94,40,2.3,IN,Mon Oct 16 20:32:20 2023
132,bahua,25.85,80.6333,72.41,79,22,4.14,IN,Mon Oct 16 20:32:20 2023
133,talnakh,69.4865,88.3972,29.21,95,100,4.68,RU,Mon Oct 16 20:32:20 2023
134,lompoc,34.6391,-120.4579,63.95,79,0,21.0,US,Mon Oct 16 20:31:42 2023
135,la'ie,21.6477,-157.9253,84.52,70,91,5.01,US,Mon Oct 16 20:29:41 2023
136,greymouth,-42.4667,171.2,51.82,85,100,3.51,NZ,Mon Oct 16 20:32:21 2023
137,es castell,39.8795,4.2854,72.28,83,40,8.05,ES,Mon Oct 16 20:32:22 2023
138,jamestown,42.097,-79.2353,47.1,98,100,5.75,US,Mon Oct 16 20:29:13 2023
139,east ballina,-28.8667,153.5833,73.8,51,6,16.75,AU,Mon Oct 16 20:32:22 2023
140,qujing,25.4833,103.7833,63.9,65,66,11.07,CN,Mon Oct 16 20:32:23 2023
141,namie,37.4833,141.0,65.71,47,0,16.04,JP,Mon Oct 16 20:32:23 2023
142,enewetak,11.3474,162.3373,84.07,75,8,14.14,MH,Mon Oct 16 20:32:24 2023
143,bardai,11.65,7.2333,74.01,57,100,4.52,NG,Mon Oct 16 20:32:24 2023
144,tazacorte,28.629,-17.9293,75.15,33,0,8.99,ES,Mon Oct 16 20:32:24 2023
145,kalabo,-14.97,22.6814,73.53,62,97,1.57,ZM,Mon Oct 16 20:32:25 2023
146,mount pearl,47.5166,-52.7813,46.8,97,100,23.02,CA,Mon Oct 16 20:32:25 2023
147,juneau,58.3019,-134.4197,50.02,97,100,4.61,US,Mon Oct 16 20:29:16 2023
148,jajpur,20.85,86.3333,79.05,73,1,3.78,IN,Mon Oct 16 20:32:25 2023
149,pelabuhanratu,-6.9875,106.5514,87.6,61,78,1.88,ID,Mon Oct 16 20:32:26 2023
150,mezhdurechenskiy,59.6,65.9333,52.3,85,14,11.99,RU,Mon Oct 16 20:32:26 2023
151,griffith,41.5284,-87.4237,51.58,76,100,11.5,US,Mon Oct 16 20:31:55 2023
152,flin flon,54.7682,-101.865,47.98,69,0,4.12,CA,Mon Oct 16 20:32:27 2023
153,hamilton,39.1834,-84.5333,51.85,82,100,5.99,US,Mon Oct 16 20:31:28 2023
154,haapsalu,58.9431,23.5414,43.36,78,97,19.46,EE,Mon Oct 16 20:32:28 2023
155,selfoss,63.9331,-20.9971,39.04,85,100,6.08,IS,Mon Oct 16 20:32:28 2023
156,pyinmana,19.7333,96.2167,79.83,79,25,1.16,MM,Mon Oct 16 20:32:28 2023
157,pisco,-13.7,-76.2167,66.25,88,75,13.8,PE,Mon Oct 16 20:32:29 2023
158,aracati,-4.5617,-37.7697,78.35,73,99,13.98,BR,Mon Oct 16 20:32:29 2023
159,melekeok village,7.4957,134.6367,86.56,74,75,6.91,PW,Mon Oct 16 20:32:29 2023
160,tambopata,-12.7333,-69.1833,74.55,83,22,3.18,PE,Mon Oct 16 20:32:30 2023
161,praya,14.9215,-23.5087,84.74,45,20,16.11,CV,Mon Oct 16 20:32:30 2023
162,nizhnesortymskiy,62.4397,71.7603,42.12,94,100,9.71,RU,Mon Oct 16 20:32:30 2023
163,nizhny tagil,57.9194,59.965,50.22,80,10,8.5,RU,Mon Oct 16 20:32:31 2023
164,bamboo flat,11.7,92.7167,80.69,94,40,2.3,IN,Mon Oct 16 20:32:31 2023
165,tomatlan,19.9333,-105.25,80.11,83,99,3.15,MX,Mon Oct 16 20:27:43 2023
166,chuhuyiv,49.8359,36.688,41.07,82,76,15.19,UA,Mon Oct 16 20:32:32 2023
167,longyearbyen,78.2186,15.6401,24.64,63,40,10.36,SJ,Mon Oct 16 20:32:32 2023
168,kolonia town,6.964,158.206,93.2,66,75,5.75,FM,Mon Oct 16 20:32:32 2023
169,novospasskoye,53.1468,47.7514,51.69,52,100,22.26,RU,Mon Oct 16 20:32:33 2023
170,santa ana,33.7456,-117.8678,77.11,61,0,5.75,US,Mon Oct 16 20:29:59 2023
171,beitbridge,-22.2167,30.0,66.45,88,100,10.96,ZW,Mon Oct 16 20:32:33 2023
172,ghat,24.9647,10.1728,74.97,22,0,3.87,LY,Mon Oct 16 20:32:34 2023
173,verkhnevilyuysk,63.4453,120.3167,26.94,69,100,8.01,RU,Mon Oct 16 20:32:34 2023
174,atafu village,-8.5421,-172.5159,83.32,77,100,14.94,TK,Mon Oct 16 20:32:35 2023
175,vila franca do campo,37.7167,-25.4333,68.88,99,89,9.15,PT,Mon Oct 16 20:32:35 2023
176,mount isa,-20.7333,139.5,87.57,16,1,12.66,AU,Mon Oct 16 20:32:35 2023
177,uchiza,-8.4592,-76.4633,72.46,88,99,2.35,PE,Mon Oct 16 20:32:36 2023
178,akureyri,65.6835,-18.0878,30.13,93,0,0.0,IS,Mon Oct 16 20:32:36 2023
179,egilsstadir,65.2653,-14.3948,33.71,93,100,2.3,IS,Mon Oct 16 20:32:37 2023
180,newman,37.3138,-121.0208,76.15,58,100,5.01,US,Mon Oct 16 20:32:37 2023
181,lubang,13.8584,120.124,82.69,77,5,15.43,PH,Mon Oct 16 20:32:37 2023
182,chongwe,-15.3292,28.682,68.43,85,100,5.86,ZM,Mon Oct 16 20:32:38 2023
183,xining,36.6167,101.7667,42.91,78,98,0.6,CN,Mon Oct 16 20:30:57 2023
184,fale old settlement,-9.3852,-171.2468,83.68,76,100,17.38,TK,Mon Oct 16 20:32:39 2023
185,sikasso,10.9167,-7.0,73.99,90,100,3.65,ML,Mon Oct 16 20:32:39 2023
186,afaahiti,-17.75,-149.2833,84.07,83,100,13.04,PF,Mon Oct 16 20:32:39 2023
187,broome,42.2506,-75.833,49.75,93,100,9.22,US,Mon Oct 16 20:32:40 2023
188,wotho,10.1657,166.0102,84.02,75,3,16.24,MH,Mon Oct 16 20:32:40 2023
189,sisimiut,66.9395,-53.6735,18.23,82,92,12.68,GL,Mon Oct 16 20:32:40 2023
190,sur,22.5667,59.5289,81.21,68,0,8.84,OM,Mon Oct 16 20:32:41 2023
191,vershino-darasunskiy,52.35,115.5167,34.41,60,92,13.47,RU,Mon Oct 16 20:32:41 2023
192,sinabang,2.4803,96.3801,76.89,90,100,6.46,ID,Mon Oct 16 20:32:41 2023
193,prince rupert,54.3161,-130.3201,54.43,97,100,17.27,CA,Mon Oct 16 20:32:41 2023
194,huangpi,30.8845,114.3779,69.91,60,0,6.71,CN,Mon Oct 16 20:32:42 2023
195,la ronge,55.1001,-105.2842,50.25,71,0,0.0,CA,Mon Oct 16 20:32:42 2023
196,port mathurin,-19.6833,63.4167,75.63,85,3,7.31,MU,Mon Oct 16 20:32:42 2023
197,tiksi,71.6872,128.8694,8.42,92,93,6.44,RU,Mon Oct 16 20:32:43 2023
198,verkhov'ye,52.8119,37.2425,39.29,84,100,17.87,RU,Mon Oct 16 20:32:43 2023
199,carnarvon,-24.8667,113.6333,85.5,36,0,8.1,AU,Mon Oct 16 20:32:43 2023
200,piti village,13.4626,144.6933,86.92,75,40,9.22,GU,Mon Oct 16 20:32:44 2023
201,el calafate,-50.3408,-72.2768,42.15,82,82,9.06,AR,Mon Oct 16 20:32:44 2023
202,st albans,51.75,-0.3333,48.54,90,100,6.91,GB,Mon Oct 16 20:32:44 2023
203,koryazhma,61.3143,47.1691,42.91,95,100,2.3,RU,Mon Oct 16 20:32:45 2023
204,joao alfredo,-7.8558,-35.5883,67.95,85,91,4.59,BR,Mon Oct 16 20:32:45 2023
205,saint-pierre,-21.3393,55.4781,73.08,78,0,3.44,RE,Mon Oct 16 20:32:46 2023
206,benguela,-12.5763,13.4055,72.48,82,100,3.76,AO,Mon Oct 16 20:32:46 2023
207,daru,-9.0763,143.2092,80.4,78,72,10.45,PG,Mon Oct 16 20:32:46 2023
208,chonchi,-42.6128,-73.8092,46.11,98,11,3.85,CL,Mon Oct 16 20:32:47 2023
209,itoman,26.1247,127.6694,78.82,53,20,13.8,JP,Mon Oct 16 20:32:47 2023
210,belmonte,-15.8631,-38.8828,73.13,82,9,3.53,BR,Mon Oct 16 20:32:47 2023
211,rongelap,11.1635,166.8941,83.71,76,4,18.07,MH,Mon Oct 16 20:32:48 2023
212,nha trang,12.25,109.1833,84.2,68,64,1.14,VN,Mon Oct 16 20:32:48 2023
213,keflavik,64.0049,-22.5624,41.43,87,75,9.22,IS,Mon Oct 16 20:32:48 2023
214,namibe,-15.1961,12.1522,63.32,84,99,5.03,AO,Mon Oct 16 20:32:49 2023
215,carutapera,-1.195,-46.02,77.32,88,96,6.29,BR,Mon Oct 16 20:32:49 2023
216,fort mcmurray,56.7268,-111.381,54.91,58,0,4.61,CA,Mon Oct 16 20:32:49 2023
217,fada,9.5667,8.3,70.75,86,100,0.34,NG,Mon Oct 16 20:32:50 2023
218,punta arenas,-53.15,-70.9167,44.71,70,40,17.27,CL,Mon Oct 16 20:32:50 2023
219,callao,-12.0667,-77.15,64.69,82,75,10.36,PE,Mon Oct 16 20:32:50 2023
220,petropavlovsk-kamchatsky,53.0452,158.6483,43.45,88,75,13.42,RU,Mon Oct 16 20:32:51 2023
221,geraldton,-28.7667,114.6,77.41,53,0,8.05,AU,Mon Oct 16 20:30:51 2023
222,le port,-20.9373,55.2919,69.13,96,34,5.57,RE,Mon Oct 16 20:32:51 2023
223,lobito,-12.3481,13.5456,72.48,84,100,5.28,AO,Mon Oct 16 20:32:51 2023
224,guarapari,-20.6667,-40.4975,75.88,93,3,7.7,BR,Mon Oct 16 20:32:52 2023
225,acarau,-2.8856,-40.12,78.62,77,2,13.06,BR,Mon Oct 16 20:32:52 2023
226,west island,-12.1568,96.8225,78.78,89,40,13.8,CC,Mon Oct 16 20:32:52 2023
227,zaozersk,69.4005,32.4476,34.09,74,90,12.84,RU,Mon Oct 16 20:32:53 2023
228,bikenibeu village,1.3673,173.1241,89.56,66,75,10.36,KI,Mon Oct 16 20:32:53 2023
229,sorong,-0.8833,131.25,82.22,74,100,7.61,ID,Mon Oct 16 20:32:53 2023
230,galliano,29.4422,-90.2992,54.73,76,0,0.0,US,Mon Oct 16 20:32:54 2023
231,bull savanna,17.8868,-77.5902,78.48,82,95,1.07,JM,Mon Oct 16 20:32:54 2023
232,arkhangel'sk,64.5401,40.5433,39.13,78,100,9.53,RU,Mon Oct 16 20:32:54 2023
233,taco pozo,-25.6167,-63.2833,87.93,23,39,16.46,AR,Mon Oct 16 20:32:55 2023
234,quellon,-43.1167,-73.6167,43.97,87,3,10.36,CL,Mon Oct 16 20:32:55 2023
235,san luis de la loma,17.2706,-100.8939,77.13,90,100,8.08,MX,Mon Oct 16 20:32:55 2023
236,mykhaylivka,47.2724,35.2224,42.98,74,30,10.45,UA,Mon Oct 16 20:32:56 2023
237,masterton,-40.9597,175.6575,56.88,98,100,8.32,NZ,Mon Oct 16 20:32:56 2023
238,nanping,26.645,118.1736,74.32,53,3,2.59,CN,Mon Oct 16 20:32:56 2023
239,kill devil hills,36.0307,-75.676,55.83,67,0,5.75,US,Mon Oct 16 20:32:57 2023
240,ola,59.5833,151.2833,34.41,95,100,6.62,RU,Mon Oct 16 20:32:57 2023
241,paramonga,-10.6667,-77.8333,66.29,89,84,9.86,PE,Mon Oct 16 20:32:57 2023
242,east london,-33.0153,27.9116,62.29,81,96,12.48,ZA,Mon Oct 16 20:30:11 2023
243,cabo san lucas,22.8909,-109.9124,85.24,76,0,10.36,MX,Mon Oct 16 20:28:05 2023
244,kangding,30.0513,101.9603,59.79,58,1,0.58,CN,Mon Oct 16 20:32:58 2023
245,tolanaro,-25.0319,46.9987,71.67,88,75,9.22,MG,Mon Oct 16 20:32:59 2023
246,drayton valley,53.2168,-114.9854,48.06,63,100,4.41,CA,Mon Oct 16 20:32:59 2023
247,huarmey,-10.0681,-78.1522,67.01,88,80,10.07,PE,Mon Oct 16 20:33:00 2023
248,andrelandia,-21.7397,-44.3092,68.88,85,100,2.19,BR,Mon Oct 16 20:33:00 2023
249,kennebunk,43.384,-70.5448,50.76,94,100,4.61,US,Mon Oct 16 20:33:00 2023
250,hithadhoo,-0.6,73.0833,81.28,69,100,17.25,MV,Mon Oct 16 20:33:01 2023
251,knin,44.0439,16.2,54.12,49,100,5.23,HR,Mon Oct 16 20:33:01 2023
252,udachny,66.4167,112.4,25.45,100,94,1.9,RU,Mon Oct 16 20:33:02 2023
253,ketchikan,55.3422,-131.6461,54.07,94,100,13.8,US,Mon Oct 16 20:33:02 2023
254,timaru,-44.4,171.25,46.6,85,100,3.98,NZ,Mon Oct 16 20:29:54 2023
255,mabaruma,8.2,-59.7833,78.69,85,95,2.86,GY,Mon Oct 16 20:33:03 2023
256,port lincoln,-34.7333,135.8667,60.19,60,11,12.88,AU,Mon Oct 16 20:33:03 2023
257,kiffa,16.6166,-11.4045,85.32,12,0,3.09,MR,Mon Oct 16 20:33:04 2023
258,altai,46.3722,96.2583,27.9,44,1,6.82,MN,Mon Oct 16 20:33:04 2023
259,taulaga,-11.0553,-171.0883,82.58,74,70,17.22,AS,Mon Oct 16 20:33:04 2023
260,las tablas,7.7667,-80.2833,78.13,87,100,6.51,PA,Mon Oct 16 20:33:05 2023
261,el nido,11.1858,119.3956,83.44,75,93,6.85,PH,Mon Oct 16 20:33:05 2023
262,poronaysk,49.2167,143.1167,42.3,90,100,13.82,RU,Mon Oct 16 20:33:05 2023
263,tsiombe,-25.3,45.4833,70.38,78,100,6.24,MG,Mon Oct 16 20:33:06 2023
264,pangai,-19.8,-174.35,80.71,65,20,14.97,TO,Mon Oct 16 20:33:06 2023
265,monteagudo,-19.8167,-63.9833,71.19,58,5,3.24,BO,Mon Oct 16 20:33:07 2023
266,barquisimeto,10.0739,-69.3228,79.43,61,100,9.22,VE,Mon Oct 16 20:33:07 2023
267,vila velha,-20.3297,-40.2925,75.94,91,40,10.0,BR,Mon Oct 16 20:33:07 2023
268,obo,5.3998,26.4869,66.92,95,99,3.0,CF,Mon Oct 16 20:33:08 2023
269,east end,34.5507,-92.341,54.5,73,0,4.56,US,Mon Oct 16 20:33:08 2023
270,labytnangi,66.6572,66.4183,32.25,98,100,2.59,RU,Mon Oct 16 20:33:09 2023
271,bomdila,27.25,92.4,59.0,62,10,0.87,IN,Mon Oct 16 20:33:09 2023
272,gavrilov posad,56.5597,40.1175,43.02,94,100,13.87,RU,Mon Oct 16 20:33:09 2023
273,illapel,-31.6308,-71.1653,61.63,54,100,1.45,CL,Mon Oct 16 20:33:10 2023
274,juan de ayolas,-27.4,-56.9,71.4,93,100,14.97,PY,Mon Oct 16 20:33:10 2023
275,saint-jean-de-monts,46.7833,-2.0667,59.04,58,100,13.13,FR,Mon Oct 16 20:33:10 2023
276,al jawf,29.5,38.75,62.6,49,0,6.17,SA,Mon Oct 16 20:33:11 2023
277,mildura,-34.2,142.15,67.06,41,0,8.99,AU,Mon Oct 16 20:33:11 2023
278,brisas de zicatela,15.8369,-97.0419,81.14,78,100,4.74,MX,Mon Oct 16 20:33:11 2023
279,burnie,-41.0667,145.9167,59.45,52,0,8.79,AU,Mon Oct 16 20:33:12 2023
280,morant bay,17.8815,-76.4093,83.82,80,34,1.83,JM,Mon Oct 16 20:33:12 2023
281,gagny,48.8833,2.5333,42.49,82,0,10.36,FR,Mon Oct 16 20:33:12 2023
282,ardestan,33.3761,52.3694,65.57,34,11,6.29,IR,Mon Oct 16 20:33:13 2023
283,eyl,7.9803,49.8164,80.33,81,56,2.77,SO,Mon Oct 16 20:33:13 2023
284,yuzhno-kurilsk,44.0306,145.8556,51.37,75,47,14.07,RU,Mon Oct 16 20:33:14 2023
285,alice springs,-23.7,133.8833,74.75,19,0,16.11,AU,Mon Oct 16 20:30:14 2023
286,tazovsky,67.4667,78.7,33.35,82,100,6.11,RU,Mon Oct 16 20:33:14 2023
287,bezhetsk,57.7851,36.6965,37.09,94,100,8.05,RU,Mon Oct 16 20:33:14 2023
288,port moresby,-9.4431,147.1797,85.42,74,75,11.5,PG,Mon Oct 16 20:32:03 2023
289,holualoa,19.6228,-155.9522,79.88,79,20,11.5,US,Mon Oct 16 20:33:15 2023
290,maragogi,-9.0122,-35.2225,75.34,80,79,12.91,BR,Mon Oct 16 20:33:16 2023
291,vrede,-27.4257,29.1659,48.45,87,24,11.12,ZA,Mon Oct 16 20:33:16 2023
292,misawa,40.6836,141.3597,52.61,57,16,21.27,JP,Mon Oct 16 20:25:32 2023
293,beaufort,5.3473,115.7455,87.69,62,73,1.28,MY,Mon Oct 16 20:33:17 2023
294,haiku-pauwela,20.9219,-156.3051,82.0,66,20,21.85,US,Mon Oct 16 20:33:17 2023
295,joshimath,30.5667,79.5667,54.59,78,100,1.97,IN,Mon Oct 16 20:33:18 2023
296,wewak,-3.5534,143.6268,84.4,73,60,4.59,PG,Mon Oct 16 20:33:18 2023
297,levuka,50.1834,-105.4011,52.41,50,75,5.75,CA,Mon Oct 16 20:33:18 2023
298,nova sintra,14.8667,-24.7167,77.56,71,16,15.48,CV,Mon Oct 16 20:33:19 2023
299,flying fish cove,-10.4217,105.6791,80.28,89,100,13.8,CX,Mon Oct 16 20:33:19 2023
300,codrington,-38.2667,141.9667,60.75,50,3,7.31,AU,Mon Oct 16 20:33:19 2023
301,vilyuchinsk,52.9306,158.4028,44.94,93,100,27.78,RU,Mon Oct 16 20:33:20 2023
302,kupang,-10.1667,123.5833,90.18,37,20,6.91,ID,Mon Oct 16 20:33:20 2023
303,mar del plata,-38.0023,-57.5575,50.4,85,75,9.22,AR,Mon Oct 16 20:33:20 2023
304,nanao,37.05,136.9667,66.9,48,0,3.78,JP,Mon Oct 16 20:33:21 2023
305,misratah,32.3754,15.0925,73.17,63,0,10.58,LY,Mon Oct 16 20:33:21 2023
306,ghazni,33.5536,68.4269,44.22,74,27,4.92,AF,Mon Oct 16 20:33:21 2023
307,modimolle,-24.7,28.4,56.71,90,6,2.64,ZA,Mon Oct 16 20:33:22 2023
308,turpan,42.9333,89.1667,61.34,31,0,6.69,CN,Mon Oct 16 20:33:22 2023
309,bay roberts,47.5999,-53.2648,47.82,94,100,7.0,CA,Mon Oct 16 20:33:22 2023
310,camacupa,-12.0167,17.4833,65.86,85,100,5.12,AO,Mon Oct 16 20:33:23 2023
311,destin,30.3935,-86.4958,58.82,63,0,6.91,US,Mon Oct 16 20:33:23 2023
312,ar raqqah,35.95,39.0167,67.37,68,4,11.74,SY,Mon Oct 16 20:33:23 2023
313,sinop,41.7711,34.8709,47.97,80,100,2.84,TR,Mon Oct 16 20:33:24 2023
314,wynyard,-41.0,145.7167,54.75,52,0,8.99,AU,Mon Oct 16 20:33:24 2023
315,richards bay,-28.783,32.0377,64.74,90,100,19.51,ZA,Mon Oct 16 20:33:24 2023
316,severo-yeniseyskiy,60.3725,93.0408,33.58,90,100,8.99,RU,Mon Oct 16 20:33:25 2023
317,aasiaat,68.7098,-52.8699,14.79,92,100,10.58,GL,Mon Oct 16 20:33:25 2023
318,lake havasu city,34.4839,-114.3224,92.95,11,0,0.0,US,Mon Oct 16 20:30:15 2023
319,mahina,-17.5065,-149.489,85.77,62,75,4.61,PF,Mon Oct 16 20:33:26 2023
320,hillsboro,45.5229,-122.9898,58.66,86,44,8.01,US,Mon Oct 16 20:31:17 2023
321,halifax,44.6453,-63.5724,49.14,93,100,10.36,CA,Mon Oct 16 20:33:26 2023
322,qorveh,35.1664,47.8045,45.19,80,0,3.44,IR,Mon Oct 16 20:33:26 2023
323,qarauyl,48.9451,79.255,42.96,54,16,4.81,KZ,Mon Oct 16 20:33:27 2023
324,dudinka,69.4058,86.1778,31.68,98,100,5.99,RU,Mon Oct 16 20:33:27 2023
325,busan,35.1028,129.0403,62.58,42,0,12.66,KR,Mon Oct 16 20:28:28 2023
326,ban bueng,13.311,101.1121,81.63,49,44,10.83,TH,Mon Oct 16 20:33:28 2023
327,hami,42.8,93.45,50.79,38,100,8.57,CN,Mon Oct 16 20:33:28 2023
328,ubari,26.5921,12.7805,69.89,21,0,5.03,LY,Mon Oct 16 20:33:29 2023
329,bharatpur,27.2167,77.4833,69.89,73,94,1.95,IN,Mon Oct 16 20:33:29 2023
330,hwange,-18.3693,26.5019,71.44,81,13,3.02,ZW,Mon Oct 16 20:33:29 2023
331,linden,6.0,-58.3,75.49,86,80,1.54,GY,Mon Oct 16 20:33:30 2023
332,atoyac de alvarez,17.2,-100.4333,78.19,92,100,4.81,MX,Mon Oct 16 20:33:30 2023
333,andergrove,-21.0833,149.1833,91.65,61,6,12.53,AU,Mon Oct 16 20:33:30 2023
334,international falls,48.6011,-93.411,40.03,81,1,3.83,US,Mon Oct 16 20:30:32 2023
335,boyolangu,-8.1181,111.8935,86.38,55,57,8.01,ID,Mon Oct 16 20:33:31 2023
336,shakiso,5.75,38.9167,58.78,97,100,2.82,ET,Mon Oct 16 20:33:31 2023
337,marinette,45.1,-87.6307,46.47,76,40,4.61,US,Mon Oct 16 20:29:47 2023
338,rabo de peixe,37.8,-25.5833,67.98,99,20,8.99,PT,Mon Oct 16 20:33:32 2023
339,chingirlau,51.095,54.0814,45.9,63,6,16.62,KZ,Mon Oct 16 20:33:32 2023
340,red bluff,40.1785,-122.2358,73.94,35,40,4.61,US,Mon Oct 16 20:33:16 2023
341,toprakkale,37.0686,36.1466,66.02,79,0,2.75,TR,Mon Oct 16 20:33:33 2023
342,yeppoon,-23.1333,150.7333,91.18,52,0,14.41,AU,Mon Oct 16 20:33:33 2023
343,santa maria,-29.6842,-53.8069,68.32,93,100,12.97,BR,Mon Oct 16 20:32:06 2023
344,palmer,42.1584,-72.3287,49.06,84,75,0.0,US,Mon Oct 16 20:33:34 2023
345,nuku'alofa,-21.1333,-175.2,77.34,78,20,18.41,TO,Mon Oct 16 20:33:34 2023
346,al mijlad,11.0333,27.7333,79.43,69,100,5.97,SD,Mon Oct 16 20:33:34 2023
347,namtsy,62.7161,129.6658,25.03,55,97,11.21,RU,Mon Oct 16 20:33:35 2023
348,laguna,38.421,-121.4238,76.32,51,0,3.44,US,Mon Oct 16 20:33:35 2023
349,alvin,29.4238,-95.2441,60.76,60,0,3.44,US,Mon Oct 16 20:33:35 2023
350,coquimbo,-29.9533,-71.3436,56.93,82,75,2.3,CL,Mon Oct 16 20:33:16 2023
351,prince george,53.9166,-122.753,48.56,97,100,5.75,CA,Mon Oct 16 20:28:41 2023
352,mhamid,29.82,-5.72,72.91,22,10,2.44,MA,Mon Oct 16 20:33:37 2023
353,quibdo,5.6947,-76.6611,75.56,96,100,0.94,CO,Mon Oct 16 20:33:37 2023
354,aleg,17.0481,-13.9209,89.87,16,5,6.42,MR,Mon Oct 16 20:33:37 2023
355,remire-montjoly,4.9167,-52.2667,80.64,89,0,2.3,GF,Mon Oct 16 20:33:38 2023
356,waingapu,-9.6567,120.2641,87.76,48,14,11.41,ID,Mon Oct 16 20:33:38 2023
357,karagandy,49.8019,73.1021,48.15,79,44,1.9,KZ,Mon Oct 16 20:30:57 2023
358,mengellang,7.6957,134.6305,85.91,75,61,5.84,PW,Mon Oct 16 20:33:39 2023
359,rio pomba,-21.2747,-43.1792,71.87,82,100,0.54,BR,Mon Oct 16 20:33:39 2023
360,vernon,50.2581,-119.2691,58.8,75,100,1.14,CA,Mon Oct 16 20:32:51 2023
361,rimus,16.8764,120.3966,84.49,69,22,2.98,PH,Mon Oct 16 20:33:40 2023
362,sault ste. marie,46.5168,-84.3333,45.28,91,0,11.5,CA,Mon Oct 16 20:33:40 2023
363,konarka,19.9,86.1167,77.4,74,6,4.81,IN,Mon Oct 16 20:33:41 2023
364,copala,16.65,-98.9833,80.13,86,100,4.61,MX,Mon Oct 16 20:33:41 2023
365,nieuw amsterdam,5.8833,-55.0833,83.01,83,78,8.75,SR,Mon Oct 16 20:33:41 2023
366,port macquarie,-31.4333,152.9167,72.9,54,74,19.37,AU,Mon Oct 16 20:30:32 2023
367,buriti alegre,-18.14,-49.0403,76.14,50,5,3.94,BR,Mon Oct 16 20:33:42 2023
368,forster,-32.1667,152.5167,68.29,56,92,17.07,AU,Mon Oct 16 20:33:42 2023
369,tommot,58.9564,126.2925,29.43,55,100,2.48,RU,Mon Oct 16 20:33:43 2023
370,nenjiang,49.1833,125.2167,48.24,26,40,11.48,CN,Mon Oct 16 20:33:43 2023
371,jinchang,38.4953,102.1739,51.75,44,68,4.85,CN,Mon Oct 16 20:33:43 2023
372,kirkwall,58.9848,-2.9587,50.05,81,75,14.97,GB,Mon Oct 16 20:33:44 2023
373,gerash,27.6652,54.1371,68.14,58,0,1.45,IR,Mon Oct 16 20:33:44 2023
374,bocas del toro,9.3333,-82.25,75.16,79,100,4.65,PA,Mon Oct 16 20:33:44 2023
375,sao gabriel da cachoeira,-0.1303,-67.0892,74.26,94,78,0.25,BR,Mon Oct 16 20:33:44 2023
376,sarangani,5.4033,125.4636,83.12,74,17,4.94,PH,Mon Oct 16 20:33:45 2023
377,ulladulla,-35.35,150.4667,63.77,54,97,16.44,AU,Mon Oct 16 20:33:45 2023
378,kenai,60.5544,-151.2583,45.75,69,100,12.66,US,Mon Oct 16 20:33:45 2023
379,motygino,58.1831,94.7592,35.78,86,100,5.99,RU,Mon Oct 16 20:33:46 2023
380,sitka,57.0531,-135.33,58.89,58,100,21.85,US,Mon Oct 16 20:33:08 2023
381,lihue,21.9789,-159.3672,81.91,71,20,10.36,US,Mon Oct 16 20:33:46 2023
382,gadzhiyevo,69.2551,33.3362,37.89,70,100,25.21,RU,Mon Oct 16 20:33:47 2023
383,crane,31.3974,-102.3501,65.5,35,0,8.16,US,Mon Oct 16 20:33:47 2023
384,medford,42.3265,-122.8756,62.11,87,100,0.0,US,Mon Oct 16 20:23:40 2023
385,sandnessjoen,66.0217,12.6316,39.36,75,100,6.91,NO,Mon Oct 16 20:33:48 2023
386,sanctuary point,-35.1114,150.629,58.73,61,100,16.31,AU,Mon Oct 16 20:33:48 2023
387,lobujya,27.95,86.8167,19.24,72,99,4.29,NP,Mon Oct 16 20:33:49 2023
388,new norfolk,-42.7826,147.0587,64.24,33,10,4.0,AU,Mon Oct 16 20:33:49 2023
389,valparaiso,-33.0393,-71.6273,56.84,54,0,8.05,CL,Mon Oct 16 20:33:49 2023
390,as sulayyil,20.4607,45.5779,73.65,16,0,5.77,SA,Mon Oct 16 20:33:50 2023
391,tqvarch'eli,42.8404,41.6801,57.65,97,100,3.44,GE,Mon Oct 16 20:33:50 2023
392,martapura,-3.4167,114.85,87.89,66,20,5.75,ID,Mon Oct 16 20:33:50 2023
393,warwick,41.7001,-71.4162,51.08,85,100,6.91,US,Mon Oct 16 20:30:08 2023
394,khairpur tamewah,29.5811,72.2364,67.15,78,7,14.65,PK,Mon Oct 16 20:33:51 2023
395,paita,-5.0892,-81.1144,68.58,84,21,10.78,PE,Mon Oct 16 20:33:51 2023
396,namsos,64.4662,11.4957,37.31,87,100,12.66,NO,Mon Oct 16 20:33:52 2023
397,usogorsk,63.4106,48.6872,37.67,87,100,3.56,RU,Mon Oct 16 20:33:52 2023
398,morinville,53.8001,-113.652,55.35,58,100,10.25,CA,Mon Oct 16 20:31:33 2023
399,tokonou,9.65,-9.7833,70.5,93,94,3.22,GN,Mon Oct 16 20:33:53 2023
400,beyneu,45.3167,55.2,48.36,54,36,11.43,KZ,Mon Oct 16 20:33:53 2023
401,batang,-6.4846,110.7083,90.14,47,7,6.82,ID,Mon Oct 16 20:33:54 2023
402,ta`u,-14.2336,-169.5144,80.1,80,30,18.81,AS,Mon Oct 16 20:33:54 2023
403,sangueya,10.7,-14.3667,76.44,96,35,3.0,GN,Mon Oct 16 20:33:54 2023
404,bitlis,38.5,42.25,43.66,82,7,2.95,TR,Mon Oct 16 20:33:55 2023
405,gamboula,4.1178,15.1393,67.21,99,49,0.72,CF,Mon Oct 16 20:33:55 2023
406,nuuk,64.1835,-51.7216,25.41,68,0,13.8,GL,Mon Oct 16 20:33:56 2023
407,gandi,12.9636,5.7434,82.45,27,58,5.77,NG,Mon Oct 16 20:33:56 2023
408,san borja,-14.8167,-66.85,84.02,56,42,4.81,BO,Mon Oct 16 20:33:56 2023
409,mananjary,-21.2167,48.3333,72.7,96,38,4.12,MG,Mon Oct 16 20:33:56 2023
410,colonia,50.9333,6.95,42.53,89,0,5.75,DE,Mon Oct 16 20:33:33 2023
411,vorkuta,67.5,64.0,35.62,96,100,10.89,RU,Mon Oct 16 20:33:57 2023
412,polyarnyy,69.1989,33.4478,37.8,75,100,24.96,RU,Mon Oct 16 20:33:57 2023
413,chakradharpur,22.7,85.6333,76.26,69,0,1.83,IN,Mon Oct 16 20:33:58 2023
414,gabu,12.2833,-14.2167,75.97,96,5,5.39,GW,Mon Oct 16 20:33:58 2023
415,san luis,-33.295,-66.3356,57.9,27,0,9.51,AR,Mon Oct 16 20:33:58 2023
416,yemetsk,63.4721,41.7941,36.93,86,100,6.8,RU,Mon Oct 16 20:33:59 2023
417,sambalpur,21.45,83.9667,76.08,74,5,0.54,IN,Mon Oct 16 20:33:59 2023
418,bruckmuhl,47.8833,11.9167,34.05,95,100,1.01,DE,Mon Oct 16 20:34:00 2023
419,saint-denis,48.9167,2.3333,43.54,78,0,11.5,FR,Mon Oct 16 20:34:00 2023
420,novaya igirma,57.1334,103.9112,35.71,93,100,6.87,RU,Mon Oct 16 20:34:00 2023
421,ararat,39.8317,44.7049,48.54,57,22,2.35,AM,Mon Oct 16 20:34:01 2023
422,kot mumin,32.1895,73.028,63.72,83,97,6.93,PK,Mon Oct 16 20:34:02 2023
423,ciudad lazaro cardenas,17.9583,-102.2,79.61,84,100,4.74,MX,Mon Oct 16 20:31:22 2023
424,pimentel,-6.8367,-79.9342,70.09,78,0,16.11,PE,Mon Oct 16 20:34:02 2023
425,khandyga,62.6667,135.6,14.14,60,51,4.59,RU,Mon Oct 16 20:34:03 2023
426,narasapur,16.45,81.6667,80.04,68,18,1.86,IN,Mon Oct 16 20:34:03 2023
427,changzhou,31.7833,119.9667,73.17,50,0,7.07,CN,Mon Oct 16 20:34:04 2023
428,kodiak,57.79,-152.4072,47.71,93,0,5.75,US,Mon Oct 16 20:34:04 2023
429,celestun,20.8667,-90.4,77.09,65,96,15.03,MX,Mon Oct 16 20:34:04 2023
430,puerto lempira,15.2667,-83.7667,80.01,84,86,8.19,HN,Mon Oct 16 20:34:05 2023
431,labasa,-16.4167,179.3833,83.66,64,92,10.98,FJ,Mon Oct 16 20:34:05 2023
432,jinka,5.65,36.65,60.96,96,100,2.39,ET,Mon Oct 16 20:34:06 2023
433,papao,-17.75,-149.55,83.88,84,100,15.12,PF,Mon Oct 16 20:34:06 2023
434,piatykhatky,48.4133,33.7106,40.44,82,6,13.06,UA,Mon Oct 16 20:34:06 2023
435,duobao,30.67,112.6895,74.53,41,6,5.37,CN,Mon Oct 16 20:34:07 2023
436,stephenville,32.2207,-98.2023,54.55,50,0,0.0,US,Mon Oct 16 20:29:57 2023
437,puerto princesa,9.7392,118.7353,84.18,79,20,6.91,PH,Mon Oct 16 20:34:08 2023
438,walvis bay,-22.9575,14.5053,54.55,94,0,3.44,NA,Mon Oct 16 20:34:08 2023
439,safi,32.1667,-8.8333,71.73,53,99,6.06,MA,Mon Oct 16 20:34:08 2023
440,twon-brass,4.3151,6.2418,78.26,85,58,6.46,NG,Mon Oct 16 20:34:09 2023
441,veraval,20.9,70.3667,77.67,77,9,9.57,IN,Mon Oct 16 20:34:09 2023
442,yarmouth,41.7057,-70.2286,52.34,89,75,8.01,US,Mon Oct 16 20:32:42 2023
443,maribo,54.7766,11.5002,42.96,89,11,8.9,DK,Mon Oct 16 20:34:10 2023
444,tadine,-21.55,167.8833,74.88,78,98,12.68,NC,Mon Oct 16 20:34:10 2023
445,nouadhibou,20.931,-17.0347,74.12,71,66,16.37,MR,Mon Oct 16 20:34:10 2023
446,nacala,-14.5428,40.6728,76.12,90,73,8.81,MZ,Mon Oct 16 20:34:11 2023
447,teguise,29.0605,-13.564,70.02,60,0,2.3,ES,Mon Oct 16 20:34:11 2023
448,toliara,-23.35,43.6667,70.74,73,95,7.63,MG,Mon Oct 16 20:34:11 2023
449,kilju,40.9642,129.3278,60.85,44,0,8.48,KP,Mon Oct 16 20:34:12 2023
450,jabat,7.75,168.9751,83.61,70,100,10.04,MH,Mon Oct 16 20:34:12 2023
451,juegang,32.3174,121.1855,69.57,61,0,5.26,CN,Mon Oct 16 20:34:12 2023
452,wanning,18.8003,110.3967,78.46,92,100,13.35,CN,Mon Oct 16 20:34:13 2023
453,noosa heads,-26.3833,153.15,73.11,61,96,16.98,AU,Mon Oct 16 20:33:31 2023
454,arraial do cabo,-22.9661,-42.0278,72.57,95,46,24.47,BR,Mon Oct 16 20:34:13 2023
455,itaituba,-4.2761,-55.9836,80.01,58,12,3.22,BR,Mon Oct 16 20:34:14 2023
456,kazerun,29.6195,51.6541,68.45,46,33,1.21,IR,Mon Oct 16 20:34:14 2023
457,finike,36.295,30.1406,70.07,59,0,2.68,TR,Mon Oct 16 20:34:14 2023
458,lodja,-3.4833,23.4333,72.82,86,100,1.28,CD,Mon Oct 16 20:34:15 2023
459,dryden,49.7833,-92.7503,46.69,66,0,5.75,CA,Mon Oct 16 20:34:12 2023
460,argostolion,38.1811,20.489,69.31,71,54,3.13,GR,Mon Oct 16 20:34:16 2023
461,yichun,47.7,128.9,43.16,28,16,4.63,CN,Mon Oct 16 20:34:16 2023
462,brawley,32.9787,-115.5303,93.87,15,0,4.61,US,Mon Oct 16 20:34:16 2023
463,yelizovo,53.1873,158.3805,48.24,61,75,13.42,RU,Mon Oct 16 20:34:17 2023
464,ogoja,6.6547,8.7976,73.44,97,100,5.55,NG,Mon Oct 16 20:34:17 2023
465,ghanzi,-21.5667,21.7833,62.65,21,0,11.56,BW,Mon Oct 16 20:34:18 2023
466,rostovka,55.3842,71.8891,45.18,93,43,7.34,RU,Mon Oct 16 20:34:19 2023
467,naracoorte,-36.9579,140.7383,67.06,33,0,2.93,AU,Mon Oct 16 20:34:19 2023
468,smithers,54.7804,-127.1743,48.52,93,100,0.0,CA,Mon Oct 16 20:34:19 2023
469,dowlatabad,32.7998,51.6955,58.68,41,40,6.91,IR,Mon Oct 16 20:34:20 2023
470,cajamarca,-7.1638,-78.5003,56.59,89,73,1.16,PE,Mon Oct 16 20:34:20 2023
471,novodvinsk,64.4165,40.8122,38.79,78,100,9.46,RU,Mon Oct 16 20:34:20 2023
472,vondrozo,-22.8167,47.2833,66.51,97,99,0.34,MG,Mon Oct 16 20:34:21 2023
473,taroa,8.7058,171.2275,82.98,74,11,10.13,MH,Mon Oct 16 20:34:21 2023
474,dakoro,14.5106,6.765,85.59,20,91,9.51,NE,Mon Oct 16 20:34:21 2023
475,junin de los andes,-39.9504,-71.0694,39.74,53,0,3.94,AR,Mon Oct 16 20:34:22 2023
476,umm kaddadah,13.6017,26.6876,81.72,20,100,19.28,SD,Mon Oct 16 20:34:22 2023
477,marsh harbour,26.5412,-77.0636,74.82,58,96,21.63,BS,Mon Oct 16 20:34:22 2023
478,olyokminsk,60.3736,120.4264,34.0,67,100,8.01,RU,Mon Oct 16 20:34:23 2023
479,posto fiscal rolim de moura,-13.0833,-62.2667,73.4,91,92,5.48,BR,Mon Oct 16 20:34:23 2023
480,viedma,-40.8135,-62.9967,42.58,78,0,3.15,AR,Mon Oct 16 20:34:24 2023
481,zayed city,24.3768,54.589,82.81,70,0,2.3,AE,Mon Oct 16 20:34:24 2023
482,tanumah,27.1,44.1333,68.59,39,5,8.16,SA,Mon Oct 16 20:34:24 2023
483,aguada de pasajeros,22.385,-80.8508,73.4,75,34,6.08,CU,Mon Oct 16 20:34:25 2023
484,mermoz boabab,14.7065,-17.4758,82.18,89,20,4.61,SN,Mon Oct 16 20:34:25 2023
485,kruisfontein,-34.0033,24.7314,54.19,94,0,5.79,ZA,Mon Oct 16 20:34:25 2023
486,askino,56.0901,56.5783,46.27,69,11,14.34,RU,Mon Oct 16 20:34:26 2023
487,thinadhoo,0.5333,72.9333,81.55,69,100,16.33,MV,Mon Oct 16 20:34:26 2023
488,sos'va,59.1766,61.8558,48.06,90,5,8.99,RU,Mon Oct 16 20:34:27 2023
489,englewood,39.6478,-104.9878,59.02,43,3,3.76,US,Mon Oct 16 20:34:27 2023
490,agapovka,53.2973,59.1348,40.95,81,1,7.7,RU,Mon Oct 16 20:34:28 2023
491,uyuni,-20.4597,-66.825,58.55,27,89,9.51,BO,Mon Oct 16 20:34:28 2023
492,taoudenni,22.6783,-3.9836,83.71,17,86,5.06,ML,Mon Oct 16 20:34:28 2023
493,xiantao,30.3833,113.4,75.6,40,1,5.21,CN,Mon Oct 16 20:34:28 2023
494,isyangulovo,52.1909,52.1909,48.67,55,44,19.82,RU,Mon Oct 16 20:34:29 2023
495,gaiman,-43.2897,-65.4929,53.15,46,22,15.79,AR,Mon Oct 16 20:34:30 2023
496,black point,-34.6187,137.8972,59.61,47,0,4.94,AU,Mon Oct 16 20:34:30 2023
497,tot'ma,59.9747,42.7642,37.26,87,100,3.33,RU,Mon Oct 16 20:34:30 2023
498,hafnarfjordur,64.0671,-21.9377,39.2,81,100,9.22,IS,Mon Oct 16 20:34:31 2023
499,kone,-21.0595,164.8658,76.95,78,99,5.5,NC,Mon Oct 16 20:34:31 2023
500,palikir - national government center,6.9248,158.1611,92.14,66,75,5.75,FM,Mon Oct 16 20:34:31 2023
501,myeik,12.4333,98.6,80.22,83,100,3.09,MM,Mon Oct 16 20:34:32 2023
502,malangali,-8.5667,34.85,63.0,84,99,6.98,TZ,Mon Oct 16 20:34:32 2023
503,al ghayzah,16.2079,52.176,75.07,77,14,3.06,YE,Mon Oct 16 20:34:18 2023
504,revda,56.801,59.9303,45.09,79,10,8.59,RU,Mon Oct 16 20:34:33 2023
505,beya,53.0533,90.9139,41.29,71,100,15.55,RU,Mon Oct 16 20:34:33 2023
506,iquique,-20.2208,-70.1431,64.44,74,5,2.89,CL,Mon Oct 16 20:34:33 2023
507,aqaba,29.5267,35.0078,71.46,60,0,8.05,JO,Mon Oct 16 20:34:34 2023
508,port douglas,-16.4833,145.4667,78.35,57,42,6.46,AU,Mon Oct 16 20:34:34 2023
509,canon city,38.441,-105.2424,58.59,37,0,0.0,US,Mon Oct 16 20:34:35 2023
510,hovd,48.0056,91.6419,37.18,37,17,4.61,MN,Mon Oct 16 20:34:35 2023
511,lutjenburg,54.2919,10.5895,44.56,87,96,1.99,DE,Mon Oct 16 20:34:35 2023
512,zambezi,-13.5432,23.1047,68.63,81,100,7.72,ZM,Mon Oct 16 20:34:36 2023
513,freeport,40.6576,-73.5832,55.04,74,75,10.36,US,Mon Oct 16 20:34:36 2023
514,mandvi,22.8333,69.3667,78.8,78,0,9.06,IN,Mon Oct 16 20:34:36 2023
515,micheweni,-4.9667,39.8333,78.44,87,48,6.15,TZ,Mon Oct 16 20:34:37 2023
516,zhangye,38.9342,100.4517,52.56,31,76,2.04,CN,Mon Oct 16 20:34:37 2023
517,rio grande,-32.035,-52.0986,66.94,97,75,8.19,BR,Mon Oct 16 20:34:37 2023
518,torghay,49.6339,63.4981,48.74,67,0,7.94,KZ,Mon Oct 16 20:34:38 2023
519,balykchy,42.4557,76.1861,48.79,95,36,1.61,KG,Mon Oct 16 20:34:38 2023
520,chinna salem,11.65,78.9,78.24,80,97,3.6,IN,Mon Oct 16 20:34:38 2023
521,kasongo-lunda,-6.4667,16.8167,69.48,98,97,0.58,CD,Mon Oct 16 20:34:39 2023
522,sucre,-19.0333,-65.2627,64.9,47,10,7.29,BO,Mon Oct 16 20:34:39 2023
523,cannonvale,-20.2833,148.7,76.39,56,18,12.01,AU,Mon Oct 16 20:34:39 2023
524,jaisalmer,26.9147,70.9181,76.8,76,0,7.99,IN,Mon Oct 16 20:34:40 2023
525,staroaleyskoye,51.0061,82.0,41.32,70,98,8.99,RU,Mon Oct 16 20:34:40 2023
526,lerwick,60.1545,-1.1494,51.8,86,100,21.88,GB,Mon Oct 16 20:34:40 2023
527,itamaraca,-7.7478,-34.8256,78.85,74,29,10.04,BR,Mon Oct 16 20:34:41 2023
528,yerofey pavlovich,53.9667,121.9667,37.31,42,86,5.37,RU,Mon Oct 16 20:34:41 2023
529,umarkhed,19.6,77.7,74.8,65,9,1.39,IN,Mon Oct 16 20:31:36 2023
530,cecina,43.3128,10.524,63.16,67,98,8.23,IT,Mon Oct 16 20:34:42 2023
531,yen vinh,18.6667,105.6667,79.3,75,32,8.01,VN,Mon Oct 16 20:34:42 2023
532,tura,25.5198,90.2201,74.93,76,0,1.12,IN,Mon Oct 16 20:34:42 2023
533,mananara,-16.1667,49.7667,71.58,92,91,2.1,MG,Mon Oct 16 20:34:43 2023
534,plastun,44.7561,136.2939,45.0,43,88,11.99,RU,Mon Oct 16 20:34:43 2023
535,la palma,33.8464,-118.0467,75.15,64,0,12.66,US,Mon Oct 16 20:34:43 2023
536,tralee,52.2704,-9.7026,50.76,86,100,12.26,IE,Mon Oct 16 20:32:10 2023
537,mili,6.0815,171.735,83.28,70,100,3.69,MH,Mon Oct 16 20:34:44 2023
538,muisne,0.6,-80.0333,77.49,84,89,5.68,EC,Mon Oct 16 20:34:44 2023
539,puerto deseado,-47.7503,-65.8938,52.93,48,15,22.84,AR,Mon Oct 16 20:34:45 2023
540,hampton bays,40.869,-72.5176,53.94,85,17,13.02,US,Mon Oct 16 20:34:45 2023
541,island harbour,50.724,-1.2758,52.21,79,100,17.0,GB,Mon Oct 16 20:34:46 2023
542,gorshechnoye,51.5244,38.0365,43.45,78,100,20.78,RU,Mon Oct 16 20:34:35 2023
543,asau,46.4333,26.4,32.92,80,25,4.54,RO,Mon Oct 16 20:34:46 2023
544,margate,51.3813,1.3862,53.4,69,100,5.99,GB,Mon Oct 16 20:31:33 2023
545,colares,38.7992,-9.4469,70.68,94,9,23.0,PT,Mon Oct 16 20:34:47 2023
546,igarka,67.4667,86.5833,28.83,96,82,3.74,RU,Mon Oct 16 20:34:47 2023
547,arvi,20.9833,78.2333,76.69,66,6,1.59,IN,Mon Oct 16 20:34:47 2023
548,pontianak,-0.0333,109.3333,79.99,83,75,3.44,ID,Mon Oct 16 20:34:44 2023
549,garoowe,8.4054,48.4845,78.12,70,56,8.5,SO,Mon Oct 16 20:29:46 2023
550,fuyang,32.9,115.8167,76.93,40,0,10.67,CN,Mon Oct 16 20:34:48 2023
551,chabua,27.4825,95.1736,73.35,88,40,0.0,IN,Mon Oct 16 20:34:49 2023
552,mableton,33.8157,-84.5619,50.95,75,40,10.36,US,Mon Oct 16 20:31:53 2023
553,colesberg,-30.72,25.0972,48.9,73,0,15.46,ZA,Mon Oct 16 20:34:49 2023
554,linqiong,30.4159,103.4609,66.02,80,70,2.26,CN,Mon Oct 16 20:34:50 2023
555,praia da vitoria,38.7333,-27.0667,66.45,94,75,10.92,PT,Mon Oct 16 20:34:50 2023
556,evergreen,39.6333,-105.3172,52.12,48,2,1.01,US,Mon Oct 16 20:34:27 2023
557,damghan,36.1683,54.348,62.19,49,98,3.8,IR,Mon Oct 16 20:34:51 2023
558,marshfield,44.6689,-90.1718,44.51,81,0,10.36,US,Mon Oct 16 20:34:51 2023
559,paka,4.6374,103.4368,80.53,94,40,0.0,MY,Mon Oct 16 20:34:52 2023
560,nadi,-17.8,177.4167,84.2,58,20,14.97,FJ,Mon Oct 16 20:34:52 2023
561,hammerfest,70.6634,23.6821,32.45,93,75,0.0,NO,Mon Oct 16 20:34:52 2023
562,santa cruz,-17.8,-63.1667,85.46,62,9,10.36,BO,Mon Oct 16 20:34:53 2023
563,harper,4.375,-7.7169,76.32,89,100,8.52,LR,Mon Oct 16 20:34:53 2023
564,santo anastacio,-21.8383,-51.6103,83.77,41,37,7.16,BR,Mon Oct 16 20:32:42 2023
565,tamanrasset,22.785,5.5228,67.91,21,0,6.91,DZ,Mon Oct 16 20:34:54 2023
566,susuman,62.7833,148.1667,5.99,69,1,3.0,RU,Mon Oct 16 20:34:54 2023
567,kingston,17.997,-76.7936,81.66,87,40,4.61,JM,Mon Oct 16 20:34:55 2023
568,whakatane,-37.9585,176.9854,62.64,83,77,11.21,NZ,Mon Oct 16 20:34:55 2023
569,usinsk,65.9939,57.5281,36.07,99,100,15.99,RU,Mon Oct 16 20:34:55 2023
570,gudari,19.35,83.7833,75.25,74,7,2.35,IN,Mon Oct 16 20:34:56 2023
571,lamu,-2.2717,40.902,79.02,91,100,5.95,KE,Mon Oct 16 20:34:56 2023
572,tashtyp,52.7939,89.8983,40.15,75,100,6.69,RU,Mon Oct 16 20:34:57 2023
573,linxia chengguanzhen,35.6003,103.2064,43.86,85,100,1.52,CN,Mon Oct 16 20:34:57 2023
574,lewistown,40.5992,-77.5714,53.92,90,20,11.5,US,Mon Oct 16 20:34:57 2023
575,salalah,17.0151,54.0924,77.09,83,0,4.61,OM,Mon Oct 16 20:34:58 2023
576,abra pampa,-22.7205,-65.697,46.56,74,100,13.29,AR,Mon Oct 16 20:34:58 2023
577,hengchun,22.0042,120.7439,78.3,73,100,24.11,TW,Mon Oct 16 20:34:58 2023
578,troitsko-pechorsk,62.7084,56.1964,46.69,76,100,8.99,RU,Mon Oct 16 20:34:59 2023
579,aripuana,-9.1667,-60.6333,74.21,87,85,3.24,BR,Mon Oct 16 20:34:59 2023
580,roma,43.2128,-75.4557,50.86,85,100,4.61,US,Mon Oct 16 20:32:44 2023
581,malakal,9.5334,31.6605,71.91,89,100,3.44,SS,Mon Oct 16 20:35:00 2023
582,murun-kuren,49.6342,100.1625,34.79,51,52,8.5,MN,Mon Oct 16 20:35:00 2023
583,padangsidempuan,1.3667,99.2667,76.84,90,100,1.95,ID,Mon Oct 16 20:35:01 2023
584,okha,53.5739,142.9478,46.31,84,100,16.04,RU,Mon Oct 16 20:34:56 2023
585,kampene,-3.6,26.6667,66.34,97,93,1.74,CD,Mon Oct 16 20:35:01 2023
586,naze,28.3667,129.4833,76.12,54,19,9.64,JP,Mon Oct 16 20:35:02 2023
587,poxoreo,-15.8372,-54.3892,83.01,39,72,4.23,BR,Mon Oct 16 20:35:03 2023
588,massawa,15.6097,39.45,87.85,60,65,5.53,ER,Mon Oct 16 20:35:03 2023
589,safford,32.834,-109.7076,83.43,26,0,5.75,US,Mon Oct 16 20:35:03 2023
590,alpu,39.769,30.9606,48.42,91,54,2.28,TR,Mon Oct 16 20:35:04 2023
591,bageshwar,29.85,79.7667,57.87,83,100,4.27,IN,Mon Oct 16 20:35:04 2023
592,alofi,-19.0595,-169.9187,78.69,61,75,13.8,NU,Mon Oct 16 20:35:04 2023
593,velika gorica,45.7125,16.0756,37.99,90,100,3.44,HR,Mon Oct 16 20:35:05 2023
594,kamaishi,39.2667,141.8833,62.78,52,25,20.13,JP,Mon Oct 16 20:35:06 2023
595,guerrero negro,27.9769,-114.0611,69.75,81,0,15.57,MX,Mon Oct 16 20:35:06 2023
596,bengkulu,-3.8004,102.2655,80.87,73,17,2.28,ID,Mon Oct 16 20:32:53 2023
597,molde,62.7375,7.1591,46.24,87,100,10.36,NO,Mon Oct 16 20:35:07 2023
598,wolmaransstad,-27.1974,25.9831,54.25,74,0,10.0,ZA,Mon Oct 16 20:35:07 2023
599,aipe,3.2222,-75.2367,92.19,52,69,3.24,CO,Mon Oct 16 20:35:07 2023
600,aitape,-3.1374,142.3475,85.95,67,58,5.97,PG,Mon Oct 16 20:35:08 2023
601,turtas,58.9417,69.1325,47.71,96,69,6.71,RU,Mon Oct 16 20:35:08 2023
602,mersa matruh,31.3525,27.2453,71.8,78,0,9.22,EG,Mon Oct 16 20:35:09 2023
603,eno,62.8051,30.1542,35.11,97,100,9.24,FI,Mon Oct 16 20:35:09 2023
604,siverskiy,59.3544,30.0783,41.04,89,94,8.19,RU,Mon Oct 16 20:35:09 2023
605,yakeshi,49.2833,120.7333,49.59,34,89,10.8,CN,Mon Oct 16 20:35:10 2023
606,urengoy,65.9667,78.3667,34.11,97,100,4.0,RU,Mon Oct 16 20:35:10 2023
607,tarauaca,-8.1614,-70.7656,72.64,90,99,2.06,BR,Mon Oct 16 20:33:47 2023
